Room_Number,Room_Type
101,One Bedroom Suite
102,Single King
103,One Bedroom Suite
104,Jaccuzzi Suite
105,Single King
106,Double Queen
107,Single King
108,Double Queen
109,Jaccuzzi Suite
110,One Bedroom Suite
111,Double Queen
112,One Bedroom Suite
113,Jaccuzzi Suite
114,Single King
115,One Bedroom Suite
116,Single King
117,Jaccuzzi Suite
118,One Bedroom Suite
119,One Bedroom Suite
120,Jaccuzzi Suite
121,Single King
122,Double Queen
123,Double Queen
124,One Bedroom Suite
125,Double Queen
126,One Bedroom Suite
127,Single King
128,One Bedroom Suite
129,One Bedroom Suite
130,Double Queen
131,Double Queen
132,Single King
133,One Bedroom Suite
134,Double Queen
135,Single King
136,Jaccuzzi Suite
137,Double Queen
138,Jaccuzzi Suite
201,Double Queen
202,One Bedroom Suite
203,One Bedroom Suite
204,Double Queen
205,Single King
206,Double Queen
207,One Bedroom Suite
208,Double Queen
209,Single King
210,Jaccuzzi Suite
211,Jaccuzzi Suite
212,Single King
213,Single King
214,One Bedroom Suite
215,Jaccuzzi Suite
216,One Bedroom Suite
217,Jaccuzzi Suite
218,Single King
219,Jaccuzzi Suite
220,One Bedroom Suite
221,Single King
222,Double Queen
223,Jaccuzzi Suite
224,Jaccuzzi Suite
225,Jaccuzzi Suite
226,Single King
227,Double Queen
228,Double Queen
229,Jaccuzzi Suite
230,Jaccuzzi Suite
231,Jaccuzzi Suite
232,Jaccuzzi Suite
233,Single King
234,One Bedroom Suite
235,Single King
236,Jaccuzzi Suite
237,Double Queen
238,Single King
301,Double Queen
302,Double Queen
303,Single King
304,Jaccuzzi Suite
305,Jaccuzzi Suite
306,Jaccuzzi Suite
307,Single King
308,Jaccuzzi Suite
309,Single King
310,One Bedroom Suite
311,One Bedroom Suite
312,Jaccuzzi Suite
313,Single King
314,Double Queen
315,One Bedroom Suite
316,Jaccuzzi Suite
317,One Bedroom Suite
318,Jaccuzzi Suite
319,Single King
320,One Bedroom Suite
321,Jaccuzzi Suite
322,Double Queen
323,Double Queen
324,Single King
325,Single King
326,One Bedroom Suite
327,Single King
328,Double Queen
329,Jaccuzzi Suite
330,Double Queen
331,Double Queen
332,Jaccuzzi Suite
333,Single King
334,Double Queen
335,Double Queen
336,Single King
337,Jaccuzzi Suite
338,Single King
401,Single King
402,Double Queen
403,Double Queen
404,Single King
405,Single King
406,Jaccuzzi Suite
407,Double Queen
408,Single King
409,Double Queen
410,Jaccuzzi Suite
411,One Bedroom Suite
412,Double Queen
413,Double Queen
414,One Bedroom Suite
415,Double Queen
416,One Bedroom Suite
417,One Bedroom Suite
418,One Bedroom Suite
419,One Bedroom Suite
420,Single King
421,Double Queen
422,Single King
423,Jaccuzzi Suite
424,Single King
425,One Bedroom Suite
426,Jaccuzzi Suite
427,Double Queen
428,Jaccuzzi Suite
429,Jaccuzzi Suite
430,Jaccuzzi Suite
431,One Bedroom Suite
432,One Bedroom Suite
433,Double Queen
434,Single King
435,Jaccuzzi Suite
436,One Bedroom Suite
437,Jaccuzzi Suite
438,Single King
